smiles,row_id,Tg_prediction,Tc_prediction,Density_prediction,FFV_prediction,Rg_prediction
*Oc1ccc(C=NN=Cc2ccc(Oc3ccc(C(c4ccc(*)cc4)(C(F)(F)F)C(F)(F)F)cc3)cc2)cc1,0,73.77586896959792,0.2094230073631882,1.3728498739508126,0.365855891661393,19.08939702575819
*Oc1ccc(C(C)(C)c2ccc(Oc3ccc(C(=O)c4cccc(C(=O)c5ccc(*)cc5)c4)cc3)cc2)cc1,1,76.74946222497329,0.2390140396430458,1.3030952722804585,0.37960415554661825,19.18395885155279
*c1cccc(OCCCCCCCCOc2cccc(N3C(=O)c4ccc(-c5cccc6c5C(=O)N(*)C6=O)cc4C3=O)c2)c1,2,48.316595100021004,0.28039676824419946,1.2693352594741611,0.35674106926996624,18.412713032030666
